id;de;fr;en;
A08.0;Du hast keine Angaben zu Flächen mit heimischen Wildpflanzen gemacht.<br>Heimische Pflanzen sind die Grundlage von Nahrungsnetzen. Deshalb sollte es möglichst viele Flächen mit heimischen Wildpflanzen geben.;;;
A08.1;In der Untersuchungsfläche gibt es kaum Flächen mit heimischen Wildpflanzen.<br><strong>Verbesserungs-Tipp:</strong><br>Suche im untersuchten Gebiet nach Flächen, die wenig genutzt werden. Beispielsweise Wiesen, Rasen, Kiesplätze oder sogar Flächen, die mit Platten belegt sind. Sähe auf solchen Flächen heimische Samenmischungen. Oder pflanze heimische Sträucher und Bäume. Dabei kann dich eine Fachperson von der<br>BioDiv-Kontaktliste<br>beraten.;;;
A08.2;In der Untersuchungsfläche gibt es eher wenig Flächen mit heimischen Wildpflanzen. <br><strong>Verbesserungs-Tipp:</strong><br> Suche im untersuchten Gebiet nach Flächen, die wenig genutzt werden. Beispielsweise Wiesen, Rasen, Kiesplätze oder sogar Flächen, die mit Platten belegt sind. Sähe auf solchen Flächen heimische Samenmischungen. Oder pflanze heimische Sträucher und Bäume. Dabei kann dich eine Fachperson von der<br>BioDiv-Kontaktliste<br>beraten.;;;
A08.3;In der Untersuchungsfläche gibt es bereits einige Flächen mit heimischen Wildpflanzen. <br><strong>Pflege-Tipp:</strong><br>  Diese Flächen sollten nicht gedüngt und auch nicht mit<br>chemischen Schädlingsbekämpfungsmitteln<br>gespritzt werden. <br><strong>Verbesserungs-Tipp:</strong><br> Vielleicht findest du noch weitere Flächen, die wenig genutzt werden. Dort kann man weitere heimische Sträucher oder sogar Bäume pflanzen. Oder ein Rasen kann durch eine Wiese mit heimischen Wildblumen ersetzt werden.;;;
A08.4;In der Untersuchungsfläche gibt es bereits sehr viele Flächen mit heimischen Wildpflanzen. Gut so!<br> <br><strong>Pflege-Tipp:</strong><br>  Diese Flächen sollten nicht gedüngt und auch nicht mit chemischen Schädlingsbekämpfungsmitteln gespritzt werden.;;;
A09.0;Du hast keine Angaben zur Anzahl der verschiedenen Arten von Wildpflanzen gemacht. Wenn es mehr verschiedene Wildpflanzen gibt, dann gibt es auch mehr verschiedene Tierarten.;;;
A09.1;Du hast nur sehr wenige verschiedene Arten von Wildpflanzen gefunden. <br><strong>Verbesserungs-Tipp:</strong><br> Pflanze oder sähe auf geeigneten Flächen heimische Blumen, Sträucher, Bäume, die hier noch nicht wachsen. Kläre zuvor ab, welche Pflanzen für diese Standorte geeignet sind. Dabei kann dich eine Fachperson von der<br>BioDiv-Kontaktliste<br>beraten.;;;
A09.2;Du hast nur wenige verschiedene Arten von Wildpflanzen gefunden. <br><strong>Verbesserungs-Tipp:</strong><br> Pflanze oder sähe auf geeigneten Flächen heimische Blumen, Sträucher, Bäume, die hier noch nicht wachsen. Kläre zuvor ab, welche Pflanzen für diese Standorte geeignet sind. Dabei kann dich eine Fachperson von der<br>BioDiv-Kontaktliste<br>beraten.;;;
A09.3;Du hast immerhin einige verschiedene Arten von Wildpflanzen gefunden. <br><strong>Verbesserungs-Tipp:</strong><br> Pflanze oder sähe auf geeigneten Flächen heimische Blumen, Sträucher, Bäume, die hier noch nicht wachsen. Kläre ab, welche Pflanzen für diese Standorte geeignet sind. Dabei kann dich eine Fachperson von der<br>BioDiv-Kontaktliste<br>beraten.;;;
A09.4;Du hast recht viele verschiedene Arten von Wildpflanzen gefunden. <br><strong>Pflege-Tipp:</strong><br>  Wiesen mit heimischen Wildpflanzen sollten erst gemäht werden, wenn sie verblüht sind. Lass die abgeschnittenen Pflanzen ein bis zwei Tage liegen. So können ihre Samen abfallen und sich verbreiten. <br><strong>Verbesserungs-Tipp:</strong><br> Pflanze oder sähe auf geeigneten Flächen heimische Blumen, Sträucher, Bäume, die hier noch nicht wachsen. Kläre ab, welche Pflanzen für diese Standorte geeignet sind. Dabei kann dich eine Fachperson von der<br>BioDiv-Kontaktliste<br>beraten.;;;
A09.5;Du hast sehr viele verschiedene Arten von Wildpflanzen gefunden. <br><strong>Pflege-Tipp:</strong><br>  Wiesen mit heimischen Wildpflanzen sollten erst gemäht werden, wenn sie verblüht sind. Lass die abgeschnittenen Pflanzen ein bis zwei Tage liegen. So können ihre Samen abfallen und sich verbreiten.;;;
A10.0;Du hast keine Angaben schädlichen gebietsfremden Pflanzen gemacht. Solche schädlichen gebietsfremden Pflanzen sind verboten. <br><strong>Verbesserungs-Tipp:</strong><br> Entferne diese Pflanzen<br><br>mitsamt der Wurzel. Befolge dabei die Anweisungen von<br>http://www.neophyten-schweiz.ch.;;;
A10.1;Super! Du hast auf der untersuchten Fläche keine schädlichen gebietsfremden Pflanzen gefunden. Pflege-Tipp Schau, dass auch weiterhin keine schädlichen gebietsfremden Pflanzen wachsen. Wenn du doch eine solche Pflanze entdeckst, dann entferne sie mitsamt der Wurzel.;;;
A10.2;Du hast auf der untersuchten Fläche ein oder mehrere schädliche gebietsfremden Pflanzen gefunden. Solche schädlichen gebietsfremden Pflanzen sind verboten.<br> <br><strong>Verbesserungs-Tipp:</strong><br> Entferne diese Pflanzen<br><br>mitsamt der Wurzel. Befolge dabei die Anweisungen von<br>http://www.neophyten-schweiz.ch.;;;
A11.0;Du hast keine<br>versiegelten Flächen<br>markiert. Versiegelte Flächen sind tot. Hier wächst und lebt nichts. Nicht einmal Wasser von Regen kann auf versiegelten Flächen in den Boden versickern.;;;
A11.1;Mehr als die Hälfte des untersuchten Gebietes ist versiegelt.<br>Versiegelte Flächen<br>sind tot. Hier wächst und lebt nichts. <br><strong>Verbesserungs-Tipp:</strong><br> Gibt es Möglichkeiten, versiegelte Flächen wie Parkplätze oder Pausenplätze zu öffnen? Beispielsweise können asphaltierte Plätze in Kiesplätze umgewandelt werden. Oder zumindest mit einem Belag aus<br>Pflastersteinen mit wasserdurchlässigen Zwischenräumen<br>bedeckt werden. Flachdächer können begrünt werden.;;;
A11.2;Etwas weniger als die Hälfte des untersuchten Gebietes ist versiegelt.<br>Versiegelte Flächen<br>sind tot. Hier wächst und lebt nichts. <br><strong>Verbesserungs-Tipp:</strong><br> Gibt es Möglichkeiten, versiegelte Flächen wie Parkplätze oder Pausenplätze zu öffnen? Beispielsweise können asphaltierte Plätze in Kiesplätze umgewandelt werden. Oder zumindest mit einem Belag aus<br>Pflastersteinen mit wasserdurchlässigen Zwischenräumen<br>bedeckt werden. Flachdächer können begrünt werden. <br><strong>Pflege-Tipp:</strong><br>  Schau, dass keine weiteren Flächen versiegelt werden. Falls man dennoch weitere Flächen versiegelt, dann sollen dafür bereits versiegelte Flächen geöffnet werden.;;;
A11.3;Weniger als ein Drittel des untersuchten Gebietes ist versiegelt. Das ist gut. Denn<br>versiegelte Flächen<br>sind tot. Hier wächst und lebt nichts. <br><strong>Pflege-Tipp:</strong><br>  Schau, dass keine weiteren Flächen versiegelt werden. Falls man dennoch weitere Flächen versiegelt, dann sollen dafür bereits versiegelte Flächen geöffnet werden. 
A12.0;Du hast keine Flächen mit Rasen markiert.<br>Rasenflächen<br>sind sehr arm an verschiedenen Lebewesen. Immerhin kann Wasser auf Rasenflächen in den Boden versickern.;;;
A12.1;Mehr als die Hälfte des untersuchten Gebietes ist Rasen.<br>Rasenflächen<br>sind sehr arm an verschiedenen Lebewesen. <br><strong>Verbesserungs-Tipp:</strong><br> Gibt es Möglichkeiten, Rasenflächen in Blumenwiesen oder Flächen mit Kies und Geröll umzuwandeln? Oder lassen sich heimische Blumen, Sträucher oder Bäume auf solchen Rasenflächen anpflanzen? Dabei kann dich eine Fachperson von der<br>BioDiv-Kontaktliste<br>beraten.;;;
A12.2;Weniger als die Hälfte des untersuchten Gebietes ist Rasen. Das ist gut, könnte aber noch besser sein. Denn<br>Rasenflächen<br>sind sehr arm an verschiedenen Lebewesen. <br><strong>Verbesserungs-Tipp:</strong><br> Gibt es Möglichkeiten, Rasenflächen in Blumenwiesen oder Flächen mit Kies und Geröll umzuwandeln? Oder lassen sich heimische Blumen, Sträucher oder Bäume auf solchen Rasenflächen anpflanzen? Dabei kann dich eine Fachperson von der<br>BioDiv-Kontaktliste<br>beraten. <br><strong>Pflege-Tipp:</strong><br>  Schau, dass keine weiteren Flächen in Rasen umgewandelt werden. Und achte darauf, dass Wiesen nicht zu oft gemäht werden.;;;
A12.3;Weniger als ein Viertel des untersuchten Gebietes ist Rasen. Das ist sehr gut! Denn<br>Rasenflächen<br>sind sehr arm an verschiedenen Lebewesen. <br><strong>Pflege-Tipp:</strong><br>  Schau, dass keine weiteren Flächen in Rasen umgewandelt werden. Und achte darauf, dass Wiesen nicht zu oft gemäht werden.;;;
A13.1;Das untersuchte Gebiet hat nur sehr wenige verschiedene Lebensräume. Je mehr verschiedenartige Lebensräume es gibt, desto mehr verschiedene Lebewesen finden darin Platz.<br><br><strong>Verbesserungs-Tipp:</strong><br> Schaffe einen oder mehrere der folgenden Lebensräume:<br><ul><li>Gemüsebeete, Beete mit Wildpflanzen</li><li>Trockenstandorte wie Kies, Sand, Ruderalflächen</li><li>Wiesen, deren Gras mindestens einmal im Jahr höher als 10 cm ist</li><li>Sträuchern und/oder Hecken</li><li>Bäumen, Baumgruppen oder Wald</li><li>Wasserflächen</li></ul>;;;
A13.2;Das untersuchte Gebiet hat nur drei bis vier von sechs möglichen Lebensräumen.<br>Zudem dominiert der folgende Lebensraum: [dominierenden Lebensraum einsetzen] <br><strong>Verbesserungs-Tipp:</strong><br> Schaffe einen oder mehrere der folgenden Lebensräume:<br><ul><li>Gemüsebeete, Beete mit Wildpflanzen</li><li>Trockenstandorte wie Kies, Sand, Ruderalflächen</li><li>Wiesen, deren Gras mindestens einmal im Jahr höher als 10 cm ist</li><li>Sträuchern und/oder Hecken</li><li>Bäumen, Baumgruppen oder Wald</li><li>Wasserflächen</li></ul>;;;
A13.3;Das untersuchte Gebiet hat nur drei bis vier von sechs möglichen Lebensräumen.<br>Immerhin gibt es von keinem der Lebensräume viel mehr, als von den anderen. <br><strong>Verbesserungs-Tipp:</strong><br> Schaffe einen oder mehrere der folgenden Lebensräume:<br><ul><li>Gemüsebeete, Beete mit Wildpflanzen</li><li>Trockenstandorte wie Kies, Sand, Ruderalflächen</li><li>Wiesen, deren Gras mindestens einmal im Jahr höher als 10 cm ist</li><li>Sträuchern und/oder Hecken</li><li>Bäumen, Baumgruppen oder Wald</li><li>Wasserflächen</li></ul>;;;
A13.4;Das untersuchte Gebiet hat fünf von sechs möglichen Lebensräumen. Das ist gut.<br>Jedoch dominiert der folgende Lebensraum: [dominierenden Lebensraum einsetzen] Besser wäre es, wenn es von allen Lebensräumen ungefähr gleich viel gäbe. <br><strong>Verbesserungs-Tipp:</strong><br> Schaffe einen oder mehrere der folgenden Lebensräume:<br><ul><li>Gemüsebeete, Beete mit Wildpflanzen</li><li>Trockenstandorte wie Kies, Sand, Ruderalflächen</li><li>Wiesen, deren Gras mindestens einmal im Jahr höher als 10 cm ist</li><li>Sträuchern und/oder Hecken</li><li>Bäumen, Baumgruppen oder Wald</li><li>Wasserflächen</li></ul><br><strong>Pflege-Tipp:</strong><br>  Achte darauf, dass keiner der vorhandenen Lebensräume zurück gedrängt wird.;;;
A13.5;Das untersuchte Gebiet hat fünf von sechs möglichen Lebensräumen. Das ist gut.<br>Auch gibt es von keinem der Lebensräume viel mehr, als von den anderen. <br><strong>Verbesserungs-Tipp:</strong><br> Schaffe einen oder mehrere der folgenden Lebensräume:<br><ul><li>Gemüsebeete, Beete mit Wildpflanzen</li><li>Trockenstandorte wie Kies, Sand, Ruderalflächen</li><li>Wiesen, deren Gras mindestens einmal im Jahr höher als 10 cm ist</li><li>Sträuchern und/oder Hecken</li><li>Bäumen, Baumgruppen oder Wald</li><li>Wasserflächen</li></ul><br><strong>Pflege-Tipp:</strong><br>  Achte darauf, dass keiner der vorhandenen Lebensräume zurück gedrängt wird.;;;
A13.6;Das untersuchte Gebiet hat alle sechs abgefragten Lebensräumen. Das ist sehr gut.<br>Jedoch dominiert der folgende Lebensraum: [dominierenden Lebensraum einsetzen] Besser wäre es, wenn es von allen Lebensräumen ungefähr gleich viel gäbe. <br><strong>Verbesserungs-Tipp:</strong><br> Schaffe einen oder mehrere der folgenden Lebensräume:<br><ul><li>Gemüsebeete, Beete mit Wildpflanzen</li><li>Trockenstandorte wie Kies, Sand, Ruderalflächen</li><li>Wiesen, deren Gras mindestens einmal im Jahr höher als 10 cm ist</li><li>Sträuchern und/oder Hecken</li><li>Bäumen, Baumgruppen oder Wald</li><li>Wasserflächen</li></ul><br><strong>Pflege-Tipp:</strong><br>  Achte darauf, dass keiner der vorhandenen Lebensräume zurück gedrängt wird.;;;
A13.7;Das untersuchte Gebiet hat alle sechs abgefragten Lebensräumen. Das ist sehr gut.<br>Auch gibt es von keinem der Lebensräume viel mehr, als von den anderen. <br><strong>Pflege-Tipp:</strong><br>  Achte darauf, dass keiner der vorhandenen Lebensräume zurück gedrängt wird.;;;
A14.0;Du hast nicht eingetragen, ob es Bäume gibt. Bäume bieten Nahrung und ein Zuhause für eine Vielzahl von Lebewesen.;;; 
A14.1;Im Untersuchungsgebiet gibt es keine hohen Bäume. Bäume bieten Nahrung und ein Zuhause für eine Vielzahl von Lebewesen. <br><strong>Verbesserungs-Tipp:</strong><br> Pflanze möglichst hohe heimische Bäume. Dabei kann dich eine Fachperson von der<br>BioDiv-Kontaktliste<br>beraten.;;; 
A14.2;Im Untersuchungsgebiet gibt es nur gerade einen hohen Baum. Oder alle Bäume sind gleich hoch. Verschieden hohe Bäume bieten mehr unterschiedlichen Lebewesen ein Zuhause. <br><strong>Verbesserungs-Tipp:</strong><br> Pflanze weitere heimische Bäume. Dabei kann dich eine Fachperson von der<br>BioDiv-Kontaktliste<br>beraten.;;;
A14.3;Im Untersuchungsgebiet gibt es Bäume in unterschiedlichen Höhen. Das ist gut. Ideal ist es, wenn es möglichst viele unterschiedliche heimische Baumarten sind. Denn verschiedene heimische Bäume in unterschiedlicher Höhe bieten mehr verschiedenen Lebewesen ein Zuhause. <br><strong>Verbesserungs-Tipp:</strong><br> Pflanze weitere Bäume. Achte darauf, dass du möglichst verschiedene und heimische Bäume pflanzt. Dabei kann dich eine Fachperson von der<br>BioDiv-Kontaktliste<br>beraten.;;;
A14.4;Zudem gibt es auch drei oder mehr verschiedene heimische Baumarten. Das ist sehr gut. Denn verschiedene heimische Bäume in unterschiedlicher Höhe bieten mehr verschiedenen Lebewesen ein Zuhause.;;;
A14.5;Es gibt jedoch nicht drei verschiedene heimische Baumarten. Verschiedene heimische Baumarten in unterschiedlicher Höhe bieten noch mehr verschiedenen Lebewesen ein Zuhause. <br><strong>Verbesserungs-Tipp:</strong><br> Pflanze vor allem weitere heimische Baumarten. Dabei kann dich eine Fachperson von der<br>BioDiv-Kontaktliste<br>beraten. A14.6;Mindestens zwei der Bäume sind besonders alt und dick. Das ist sehr gut. Denn insbesondere alte Bäume bieten mehr verschiedenen Lebewesen ein Zuhause.;;; 
A14.7;Leider gibt es keine besonders alten Bäume. Das ist schade. Denn insbesondere alte Bäume bieten mehr verschiedenen Lebewesen ein Zuhause.<br><br> <br><strong>Verbesserungs-Tipp:</strong><br> Leider kann man alte Bäume nicht einfach herbeizaubern. Achte aber darauf, dass möglichst keine alten Bäume gefällt werden.;;;
A15.0;Du hast nicht eingetragen, ob es Sträucher gibt. Heimische Sträucher bieten Nahrung, Verstecke und Nistmöglichkeiten für Vögel aber auch für kleine Säugetiere wie Mäuse, Schläfer oder Wiesel.;;;
A15.1;Im untersuchten Gebiet gibt es keine oder nur vereinzelte Sträucher. Heimische Sträucher bieten Nahrung, Verstecke und Nistmöglichkeiten für Vögel aber auch für kleine Säugetiere wie Mäuse, Schläfer oder Wiesel. <br><strong>Verbesserungs-Tipp:</strong><br> Pflanze heimische Sträucher. Am besten pflanzt du die Sträucher in Gruppen aus unterschiedlichen Straucharten. Dabei kann dich eine Fachperson von der<br>BioDiv-Kontaktliste<br>beraten.;;;
A15.2;Im untersuchten Gebiet gibt es vor allem nicht heimische Sträucher. Wichtig sind aber heimische Sträucher. Denn heimische Sträucher bieten Nahrung, Verstecke und Nistmöglichkeiten für Vögel aber auch für kleine Säugetiere wie Mäuse, Schläfer oder Wiesel. <br><strong>Verbesserungs-Tipp:</strong><br> Pflanze heimische Sträucher. Am besten pflanzt du die Sträucher in Gruppen aus unterschiedlichen Straucharten. Du kannst dabei auch nicht heimische Sträucher durch heimische Sträucher ersetzen. Dabei kann dich eine Fachperson von der<br>BioDiv-Kontaktliste<br>beraten.;;;
A15.3;Im untersuchten Gebiet gibt es mehrere Gruppen mit heimischen Sträuchern. Gut!;;;
A15.4;Es gibt sogar mehr als 5 verschiedene heimische Straucharteb. Sehr gut! Denn heimische Sträucher bieten Nahrung, Verstecke und Nistmöglichkeiten für Vögel aber auch für kleine Säugetiere wie Mäuse, Schläfer oder Wiesel.;;;
A15.5;Es dürften aber noch mehr verschiedene heimische Straucharten sein. Denn heimische Sträucher bieten Nahrung, Verstecke und Nistmöglichkeiten für Vögel aber auch für kleine Säugetiere wie Mäuse, Schläfer oder Wiesel. <br><strong>Verbesserungs-Tipp:</strong><br> Pflanze noch mehr möglichst verschiedene heimische Straucharten. Dabei kann dich eine Fachperson von der<br>BioDiv-Kontaktlisteberaten.;;; 
A15.6;Im untersuchten Gebiet gibt es sehr viele Gruppen mit zahlreichen verschiedenen heimischen Sträuchern. Sehr gut! Denn heimische Sträucher bieten Nahrung, Verstecke und Nistmöglichkeiten für Vögel aber auch für kleine Säugetiere wie Mäuse, Schläfer oder Wiesel.;;;
A16.0;Du hast nicht eingetragen, ob es<br>Hecken<br>gibt. Hecken bieten Nahrung, Verstecke und Nistmöglichkeiten für Vögel und kleine Säugetiere wie Mäuse, Schläfer oder Wiesel.;;;
A16.1;Im untersuchten Gebiet gibt es keine<br>Hecken. Hecken bieten Nahrung, Verstecke und Nistmöglichkeiten für Vögel und kleine Säugetiere wie Mäuse, Schläfer oder Wiesel. <br><strong>Verbesserungs-Tipp:</strong><br> Pflanze Hecken aus möglichst vielen verschiedenen heimischen Straucharten. Wenn möglich sollten die Hecken mindestens 4 Meter lang sein. Dabei kann dich eine Fachperson von der<br>BioDiv-Kontaktliste<br>beraten.;;;
A16.2;Im untersuchten Gebiet gibt es zwar<br>Hecken. Die Hecken bestehen aber vor allem aus nicht heimischen Sträuchern. Es sind aber vor allem Hecken mit<br>heimischen<br>Sträuchern, die Nahrung, Verstecke und Nistmöglichkeiten für Vögel und kleine Säugetiere bieten. <br><strong>Verbesserungs-Tipp:</strong><br> Ersetze die nicht heimischen Hecken. Entferne dazu zuerst die nicht heimischen Hecken mitsamt den Wurzeln. Pflanze dann Hecken mit möglichst vielen verschiedenen heimischen Straucharten. Wenn möglich sollten die Hecken mindestens 4 Meter lang sein. Dabei kann dich eine Fachperson von der<br>BioDiv-Kontaktliste<br>beraten.;;;
A16.3;Im untersuchten Gebiet gibt es mindestens eine Hecke.;;; 
A16.4;Es gibt darin sogar mehr als 5 unterschiedlichen heimischen Straucharten. Das ist sehr gut! Denn je mehr verschiedene Straucharten, desto mehr verschiedene Vögel und kleine Säugetiere können sich davon ernähren.;;;
A16.5;Die meisten Sträucher der Hecke sind heimisch. Jedoch könnten es noch mehr unterschiedliche heimsiche Straucharten sein. Denn je mehr verschiedene Straucharten, desto mehr verschiedene Vögel und kleine Säugetiere können sich davon ernähren. <br><strong>Verbesserungs-Tipp:</strong><br> Ergänze die bestehende Hecke mit zusätzlichen heimischen Straucharten. Pflanze auch neue Hecken. Die Hecken sollten aus möglichst vielen verschiedenen heimischen Straucharten bestehen. Wenn möglich sollten die neuen Hecken mindestens 4 Meter lang sein.<br>;;;
A16.6;Eine deiner Hecken ist besonders lang und breit. Optimal! <br><strong>Verbesserungs-Tipp:</strong><br> Vielleicht findest du noch Platz für weitere Hecken. Die Hecken sollten aus möglichst vielen verschiedenen heimischen Straucharten bestehen. Wenn möglich sollten die Hecken mindestens 4 Meter lang sein.<br> <br><strong>Pflege-Tipp:</strong><br>  Alle paar Jahre müssen Hecken geschnitten werden. Schneide aber nie die ganze Hecke, sondern immer nur Teile davon. Die nicht geschnittenen Teile bieten so immer noch Nahrung und Versteck für Tiere. Der beste Zeitpunkt für den Heckenschnitt ist zwischen November bis März. Bei der Pflege und der Verbesserung kann dich eine Fachperson von der<br>BioDiv-Kontaktliste<br>beraten.;;;
A16.7;Leider ist keine der Hecken besonders lang und breit. <br><strong>Verbesserungs-Tipp:</strong><br> Vergrössere die bestehenden Hecken in die Länge sowie in die Breite. Pflanze auch neue Hecken. Die Hecken sollten aus möglichst vielen verschiedenen heimischen Straucharten bestehen. Wenn möglich sollten die neuen Hecken mindestens 4 Meter lang sein. <br><strong>Pflege-Tipp:</strong><br>  Alle paar Jahre müssen Hecken geschnitten werden. Schneide aber nie die ganze Hecke, sondern immer nur Teile davon. Die nicht geschnittenen Teile bieten so immer noch Nahrung und Versteck für Tiere. Der beste Zeitpunkt für den Heckenschnitt ist zwischen November bis März. Bei der Pflege und der Verbesserung kann dich eine Fachperson von der<br>BioDiv-Kontaktliste<br>beraten.;;;
A17.0;Du hast nicht eingetragen, ob Bäume, Sträucher und heimische Blumen oder Gräser zusammen an einem Ort anzutreffen sind. Kommen diese unterschiedlichen Elemente an der gleichen Stelle vor, so finden auch mehr Lebewesen einen Lebensraum mit Nahrung und Versteck.;;;
A17.1;Bäume, Sträucher und heimische Blumen oder Gräser sind nirgends zusammen anzutreffen. Kommen diese unterschiedlichen Elemente an der gleichen Stelle vor, so finden auch mehr Lebewesen einen Lebensraum mit Nahrung und Versteck. <br><strong>Verbesserungs-Tipp:</strong><br> Pflanze unter Bäumen verschiedene heimische Sträucher. Sorge dafür, dass die Wiese ungefähr 1 Meter rund um Sträucher und Bäume stehenbleiben. Diese Wiesen sollen nur alle 2 Jahre gemäht werden. Am besten werden jeweils nur Abschnitte dieser Wiesen gemäht. So können sich Kleintiere in die nicht gemähten Abschnitten zurückziehen.;;;
A17.2;Bäume, Sträucher und heimische Blumen oder Gräser kommen teilweise zusammen vor. Kommen alle unterschiedlichen Elemente an der gleichen Stelle vor, so finden auch mehr Lebewesen einen Lebensraum mit Nahrung und Versteck. <br><strong>Verbesserungs-Tipp:</strong><br> Pflanze unter Bäumen verschiedene heimische Sträucher. Sorge dafür, dass die Wiese ungefähr 1 Meter rund um Sträucher und Bäume stehenbleiben. Diese Wiesen sollen nur alle 2 Jahre gemäht werden. Am besten werden jeweils nur Abschnitte dieser Wiesen gemäht. So können sich Kleintiere in die nicht gemähten Abschnitten zurückziehen.;;;
A17.3;Bäume, Sträucher und heimische Blumen oder Gräser kommen an einer Stelle zusammen vor. Kommen alle unterschiedlichen Elemente an der gleichen Stelle vor, so finden auch mehr Lebewesen einen Lebensraum mit Nahrung und Versteck. <br><strong>Verbesserungs-Tipp:</strong><br> Schau, ob sich die drei Elemente Bäume, Sträucher und heimische Blumen oder Gräser an weiteren Stellen kombinieren lassen. <br><strong>Pflege-Tipp:</strong><br>  Sorge dafür, dass die Wiese ungefähr 1 Meter rund um Sträucher und Bäume stehenbleiben. Diese Wiesen sollen nur alle 2 Jahre gemäht werden. Am besten werden jeweils nur Abschnitte dieser Wiesen gemäht. So können sich Kleintiere in die nicht gemähten Abschnitten zurückziehen.;;; 
A17.4;Bäume, Sträucher und heimische Blumen oder Gräser kommen an mehreren Stelle zusammen vor. Kommen alle unterschiedlichen Elemente an der gleichen Stelle vor, so finden auch mehr Lebewesen einen Lebensraum mit Nahrung und Versteck. <br><strong>Pflege-Tipp:</strong><br>  Sorge dafür, dass die Wiese ungefähr 1 Meter rund um Sträucher und Bäume stehenbleiben. Diese Wiesen sollen nur alle 2 Jahre gemäht werden. Am besten werden jeweils nur Abschnitte dieser Wiesen gemäht. So können sich Kleintiere in die nicht gemähten Abschnitten zurückziehen.;;;
A18.0;Du hast nicht eingetragen, ob es auf der Untersuchungsfläche<br>Ruderalflächen<br>mit passenden heimischen Pflanzen gibt. Auf Ruderalflächen finden sich oft seltene Pflanzen- und Tierarten.;;;
A18.1;Es gibt auf der Untersuchungsfläche keine<br>Ruderalflächen. Auf Ruderalflächen finden sich oft seltene Pflanzen- und Tierarten. <br><strong>Verbesserungs-Tipp:</strong><br> Schaffe Ruderalflächen. Entferne dazu die obersten 10 cm des Bodens. Verteile dann Wandkies und Geröll ohne Humus. Und dann gilt es Geduld zu haben. Denn es dauert mindestens 2 Jahre, bis eine vielfältige Ruderalfläche entsteht. Beim Anlegen einer Ruderalfläche kann dich eine Fachperson von der<br>BioDiv-Kontaktliste<br>beraten. <br><strong>Pflege-Tipp:</strong><br>  Oft wachsen auch unerwünschte<br>invasive Neophyten. Solche Neophyten müssen durch Handarbeit entfernt werden.;;;
A18.2;Es gibt auf der Untersuchungsfläche<br>Ruderalflächen. Darauf wachsen allerdings<br>Neophyten. Neophyten verdrängen seltene Pflanzen- und Tierarten, die sonst auf Ruderalflächen wachsen. <br><strong>Pflege-Tipp:</strong><br>  Entferne alle Neophyten mitsamt den Wurzeln. Befolge dabei die Anweisungen von<br>http://www.neophyten-schweiz.ch.;;;
A18.3;Es gibt auf der Untersuchungsfläche ein wenig<br>Ruderalflächen. Auf Ruderalflächen finden sich oft seltene Pflanzen- und Tierarten. <br><strong>Verbesserungs-Tipp:</strong><br> Vergrössere die bestehende Ruderalflächen. Oder schaffe neue Ruderalflächen. Entferne dazu die obersten 10 cm des Bodens. Verteile dann Wandkies und Geröll ohne Humus. Und dann gilt es Geduld zu haben. Denn es dauert mindestens 2 Jahre, bis eine vielfältige Ruderalfläche entsteht. Beim Anlegen einer Ruderalfläche kann dich eine Fachperson von der<br>BioDiv-Kontaktliste<br>beraten. <br><strong>Pflege-Tipp:</strong><br>  Oft wachsen auch unerwünschte<br>invasive Neophyten. Solche Neophyten müssen durch Handarbeit entfernt werden.;;;
A18.4;Es gibt auf der Untersuchungsfläche einiges an<br>Ruderalflächen. Das ist gut! Denn auf Ruderalflächen finden sich oft seltene Pflanzen- und Tierarten. <br><strong>Verbesserungs-Tipp:</strong><br> Vergrössere die bestehende Ruderalflächen. Oder schaffe neue Ruderalflächen. Entferne dazu die obersten 10 cm des Bodens. Verteile dann Wandkies und Geröll ohne Humus. Und dann gilt es Geduld zu haben. Denn es dauert mindestens 2 Jahre, bis eine vielfältige Ruderalfläche entsteht. Beim Anlegen einer Ruderalfläche kann dich eine Fachperson von der<br>BioDiv-Kontaktliste<br>beraten. <br><strong>Pflege-Tipp:</strong><br>  Oft wachsen auch unerwünschte<br>invasive Neophyten. Solche Neophyten müssen durch Handarbeit entfernt werden.;;;
A18.5;Es gibt auf der Untersuchungsfläche bereits recht viel<br>Ruderalflächen. Sehr gut! Denn auf Ruderalflächen finden sich oft seltene Pflanzen- und Tierarten. <br><strong>Pflege-Tipp:</strong><br>  Oft wachsen auch unerwünschte<br>invasive Neophyten. Solche Neophyten müssen durch Handarbeit entfernt werden. A19.0;Du hast keine Angaben zu<br>Trockenmauern oder Steinhaufen<br>gemacht. Trockenmauern und Steinhaufen bieten ein sicheres Versteck für Frösche, Kröten, Eidechsen und Schlangen aber auch für Wiesel, Schläfer und Mausarten. A19.1;Es gibt keine<br>Trockenmauern oder Steinhaufen. Trockenmauern und Steinhaufen bieten ein sicheres Versteck für Frösche, Kröten, Eidechsen und Schlangen aber auch für Wiesel, Schläfer und Mausarten. <br><strong>Verbesserungs-Tipp:</strong><br> Errichte Steinhaufen. Besonders geeignet sind sonnige Orte mit wenig Wind und wenig Störungen. Auf der<br>BioDiv-Praxisseite<br>findest du Hinweise zum Erstellen von Steinhaufen. Trockenmauern sind etwas komplizierter zu errichten. Aber vielleicht können dich Fachpersonen von der<br>BioDiv-Kontaktliste<br>dabei unterstützen.;;;
A19.2;Es gibt<br>Trockenmauern oder Steinhaufen<br>im untersuchten Gebiet. Trockenmauern und Steinhaufen bieten ein sicheres Versteck für Frösche, Kröten, Eidechsen und Schlangen aber auch für Wiesel, Schläfer und Mausarten. <br><strong>Verbesserungs-Tipp:</strong><br> Errichte weitere Steinhaufen. Besonders geeignet sind sonnige Orte mit wenig Wind und wenig Störungen. Auf der<br>BioDiv-Praxisseitefindest du Hinweise zum Erstellen von Steinhaufen. Trockenmauern sind etwas komplizierter zu errichten. Aber vielleicht können dich Fachpersonen von der<br>BioDiv-Kontaktliste<br>dabei unterstützen. <br><strong>Pflege-Tipp:</strong><br>  Falls die Steinhaufen überwachsen sind, so entferne das Gras.;;;
A19.3;Es gibt mehrere<br>Trockenmauern oder Steinhaufen<br>im untersuchten Gebiet. Gut! Denn Trockenmauern und Steinhaufen bieten ein sicheres Versteck für Frösche, Kröten, Eidechsen und Schlangen aber auch für Wiesel, Schläfer und Mausarten. <br><strong>Pflege-Tipp:</strong><br>  Falls die Steinhaufen überwachsen sind, so entferne das Gras. A20.0;Du hast keine Angaben zu<br>Asthaufen oder Totholz<br>gemacht. Asthaufen bieten ein Versteck für Igel, Mäuse aber auch für Blindschleichen sowie Kröten, Frösche und Molche. Totholz und abgestorbene Bäume sind Lebensraum für zahlreiche Insekten, Pilze und Moose.;;;
A20.1;Es gibt keine<br>Asthaufen oder Totholz. Asthaufen bieten ein Versteck für Igel, Mäuse aber auch für Blindschleichen sowie Kröten, Frösche und Molche. Totholz und abgestorbene Bäume sind Lebensraum für zahlreiche Insekten, Pilze und Moose. <br><strong>Verbesserungs-Tipp:</strong><br> Errichte Asthaufen. Dazu kannst du Totholz aller Art verwenden: dicke und dünne Äste vom Schneiden von Sträuchern und Bäumen. Unbedingt auch grössere Holzscheite, Teile von Stämmen oder Baumstrünken einbauen. Denn dadurch entstehen Zwischenräume. Besonders geeignet für Asthaufen sind sonnige Orte mit wenig Wind und wenig Störungen. Auf der<br>BioDiv-Praxisseite<br>findest du Hinweise zum Erstellen von Asthaufen.;;;
A20.2;Es gibt<br>Asthaufen oder Totholz. Asthaufen bieten ein Versteck für Igel, Mäuse aber auch für Blindschleichen sowie Kröten, Frösche und Molche. Totholz und abgestorbene Bäume sind Lebensraum für zahlreiche Insekten, Pilze und Moose. <br><strong>Verbesserungs-Tipp:</strong><br> Errichte weitere Asthaufen. Dazu kannst du Totholz aller Art verwenden: dicke und dünne Äste vom Schneiden von Sträuchern und Bäumen. Unbedingt auch grössere Holzscheite, Teile von Stämmen oder Baumstrünken einbauen. Denn dadurch entstehen Zwischenräume. Besonders geeignet für Asthaufen sind sonnige Orte mit wenig Wind und wenig Störungen. Auf der<br>BioDiv-Praxisseite<br>findest du Hinweise zum Erstellen von Asthaufen.;;;
A20.3;Es gibt bereits mehrere<br>Asthaufen oder Totholz. Gut! Denn Asthaufen bieten ein Versteck für Igel, Mäuse aber auch für Blindschleichen sowie Kröten, Frösche und Molche. Totholz und abgestorbene Bäume sind Lebensraum für zahlreiche Insekten, Pilze und Moose. <br><strong>Pflege-Tipp:</strong><br>  Falls die Asthaufen überwachsen sind, so entferne das Gras.;;;
A21.0;Du hast keine Angaben zu<br>Nisthilfen für Insekten<br>gemacht. Gut zusammengesetzte Nisthilfen fördern verschiedene Insekten. Und Insekten sind wichtig für die Bestäubung von vielen Pflanzen. Insekten sind auch Nahrung für viele Tiere.;;;
A21.1;Es gibt keine künstlichen<br>Nisthilfen für Insekten. Gut zusammengesetzte Nisthilfen fördern verschiedene Insekten. Und Insekten sind wichtig für die Bestäubung von vielen Pflanzen. Insekten sind auch Nahrung für viele Tiere. <br><strong>Verbesserungs-Tipp:</strong><br> Du kannst selbst künstliche Nisthilfen für Insekten in unterschiedlichen Grössen bauen. Auf der<br>BioDiv-Praxisseite<br>findest du Hinweise zum Erstellen von künstlichen Nisthilfen für Insekten. Die Nisthilfen sollten einen sonnigen Ort haben. Am besten sind Nisthilfen nach Süden ausgerichtet. Nisthilfen sollten auch nicht oft vom Regen nass werden.;;;
A21.2;Es gibt bereits wenige künstliche<br>Nisthilfen für Insekten.<br>Gut zusammengesetzte Nisthilfen fördern verschiedene Insekten. Und Insekten sind wichtig für die Bestäubung von vielen Pflanzen. Insekten sind auch Nahrung für viele Tiere. <br><strong>Verbesserungs-Tipp:</strong><br> Du kannst selbst weitere künstliche Nisthilfen für Insekten in unterschiedlichen Grössen bauen. Auf der<br>BioDiv-Praxisseite<br>findest du Hinweise zum Erstellen von künstlichen Nisthilfen für Insekten. <br><strong>Pflege-Tipp:</strong><br>  Kontrolliere, ob die bestehenden Nisthilfen einen guten Standort haben: Nisthilfen sollten einen sonnigen Ort haben. Am besten sind Nisthilfen nach Süden ausgerichtet. Nisthilfen sollten auch nicht oft vom Regen nass werden.;;;
A21.3;Es gibt bereits zahlreiche künstliche<br>Nisthilfen für Insekten. Sehr gut! Denn gut zusammengesetzte Nisthilfen fördern verschiedene Insekten. Und Insekten sind wichtig für die Bestäubung von vielen Pflanzen. Insekten sind auch Nahrung für viele Tiere. <br><strong>Pflege-Tipp:</strong><br>  Kontrolliere, ob die bestehenden Nisthilfen einen guten Standort haben: Nisthilfen sollten einen sonnigen Ort haben. Am besten sind Nisthilfen nach Süden ausgerichtet. Nisthilfen sollten auch nicht oft vom Regen nass werden.;;;
A22.0;Du hast keine Angaben zu Nisthilfen für Vögel gemacht. Nisthilfen sind wichtig. Denn Vögel finden oft keine guten Möglichkeiten in der Natur, um ihr Nest zu bauen. Informationen zum Thema Nisthilfen für Vögel findest du auf<br>Birdlife.ch<br>und dann «Nisthilfen» in das Suchfeld eingeben.;;;
A22.1;Es gibt keine Nisthilfen für Vögel. Nisthilfen sind wichtig. Denn Vögel finden oft keine guten Möglichkeiten in der Natur, um ihr Nest zu bauen. <br><strong>Verbesserungs-Tipp:</strong><br> Du kannst selbst künstliche Nisthilfen für Vögel aufhängen. Informationen dazu findest du auf<br>Birdlife.ch<br>und dann «Nisthilfen» in das Suchfeld eingeben.;;;
A22.2;Es gibt bereits wenige künstliche Nisthilfen für Vögel. Das ist gut. Denn Vögel finden oft keine guten Möglichkeiten in der Natur, um ihr Nest zu bauen. <br><strong>Verbesserungs-Tipp:</strong><br> Du kannst selbst weitere künstliche Nisthilfen für Vögel aufhängen. Informationen dazu findest du auf<br>Birdlife.ch<br>und dann «Nisthilfen» in das Suchfeld eingeben.;;;
A22.3;Es gibt bereits mehr als drei künstliche Nisthilfen für Vögel. Das ist sehr gut! Denn Vögel finden oft keine guten Möglichkeiten in der Natur, um ihr Nest zu bauen. Informationen zu künstlichen Nisthilfen für Vögel findest du auf<br>Birdlife.ch<br>und dann «Nisthilfen» in das Suchfeld eingeben.;;;
A23.0;Du hast keine Angaben zu künstlichen Nisthilfen für kleine Säugetiere gemacht. Kleine Säugetiere wie Igel, Fledermäuse, Siebenschläfer und Mausarten brauchen Verstecke. Auch brauchen diese Tiere Plätze, wo sie ihre Jungen zur Welt bringen können.;;;
A23.1;Es gibt keine Nisthilfen für kleine Säugetiere. Nisthilfen sind wichtig. Kleine Säugetiere wie Igel, Fledermäuse, Siebenschläfer und Mausarten brauchen Verstecke. Auch brauchen diese Tiere Plätze, wo sie ihre Jungen zur Welt bringen können. <br><strong>Verbesserungs-Tipp:</strong><br> Du kannst selbst künstliche Nisthilfen für kleine Säugetiere herstellen. Auf der<br>BioDiv-Praxisseite<br>findest du Hinweise zum Erstellen von künstlichen Nisthilfen für kleine Säugetiere.;;;
A23.2;Es gibt bereits wenige Nisthilfen für kleine Säugetiere. Das ist gut! Denn Nisthilfen sind wichtig. Kleine Säugetiere wie Igel, Fledermäuse, Siebenschläfer und Mausarten brauchen Verstecke. Auch brauchen diese Tiere Plätze, wo sie ihre Jungen zur Welt bringen können. <br><strong>Verbesserungs-Tipp:</strong><br> Du kannst selbst weitere künstliche Nisthilfen für kleine Säugetiere herstellen. Auf der<br>BioDiv-Praxisseite<br>findest du Hinweise zum Erstellen von künstlichen Nisthilfen für kleine Säugetiere.;;;
A23.3;Es gibt bereits mehr als drei Nisthilfen für kleine Säugetiere. Das ist sehr gut! Denn Nisthilfen sind wichtig. Kleine Säugetiere wie Igel, Fledermäuse, Siebenschläfer und Mausarten brauchen Verstecke. Auch brauchen diese Tiere Plätze, wo sie ihre Jungen zur Welt bringen können.;;;
A24.0;Du hast keine Angaben zu<br>Feuchtflächen<br>gemacht. Feuchte Flächen bieten spezialisierten Tieren und Pflanzen ein Zuhause.;;;
A24.1;Es gibt keine<br>Feuchtflächen<br>im Untersuchungsgebiet. Feuchte Flächen bieten spezialisierten Tieren und Pflanzen ein Zuhause. <br><strong>Verbesserungs-Tipp:</strong><br> Feuchtflächen lassen sich nicht so einfach schaffen. Am einfachsten ist es, wenn es einen bestehenden Tümpel gibt. Neben dem Überlauf kann man eine flache Vertiefung schaffen. Dann sammelt sich das übergelaufene Wasser des Tümpels in dieser Vertiefung. Auf der<br>BioDiv-Praxisseite<br>findest du Hinweise zum Erstellen von Feuchtflächen.;;;
A24.2;Es gibt bereits eine kleine<br>Feuchtfläche<br>im Untersuchungsgebiet. Gut! Denn feuchte Flächen bieten spezialisierten Tieren und Pflanzen ein Zuhause. <br><strong>Verbesserungs-Tipp:</strong><br> Vielleicht lässt sich die bestehende Feuchtfläche vergrössern? Auf der<br>BioDiv-Praxisseite<br>findest du Hinweise zum Erstellen von Feuchtflächen. <br><strong>Pflege-Tipp:</strong><br>  Achte darauf, dass die bestehende Feuchtfläche nicht austrocknet. Schau auch, dass die Feuchtfläche nicht von Sträuchern überwachsen wird.;;;
A24.3;Es gibt bereits eine recht grosse<br>Feuchtfläche<br>im Untersuchungsgebiet. Gut! Denn feuchte Flächen bieten spezialisierten Tieren und Pflanzen ein Zuhause. <br><strong>Pflege-Tipp:</strong><br>  Achte darauf, dass die bestehende Feuchtfläche nicht austrocknet. Schau auch, dass die Feuchtfläche nicht von Sträuchern überwachsen wird.;;;
A25.0;Du hast keine Angaben zu stehenden Gewässer gemacht. Zahlreiche Lebewesen wie bestimmte Insekten und Amphibien sind auf stehende Gewässer angewiesen.;;;
A25.1;Es gibt keine stehenden Gewässer im Untersuchungsgebiet. Zahlreiche Lebewesen wie bestimmte Insekten und Amphibien sind auf stehende Gewässer angewiesen. <br><strong>Verbesserungs-Tipp:</strong><br> Schaffe stehende Gewässer. Am besten sind gleich mehrere kleine Gewässer unterschiedlicher Grösse und Tiefe nebeneinander. Auf der<br>BioDiv-Praxisseite<br>findest du Hinweise zum Erstellen von stehenden Gewässern.;;;
A25.2;Es gibt bereits stehende Gewässer. Gut! Denn zahlreiche Lebewesen wie bestimmte Insekten und Amphibien sind auf stehende Gewässer angewiesen. <br><strong>Verbesserungs-Tipp:</strong><br> Ergänze die bestehenden Tümpel. Denn am besten sind mehrere kleine Gewässer unterschiedlicher Grösse und Tiefe nebeneinander. <br><strong>Pflege-Tipp:</strong><br>  Bestehende Tümpel müssen gepflegt werden: Laub, Algen und Schlamm sollten zwischen Ende September und Anfang November entfernt werden. Am besten jedes Jahr nur einen Teil säubern. So können Tiere während der Säuberung in die anderen Bereiche flüchten. Auf der<br>BioDiv-Praxisseite<br>findest du Hinweise zum Erstellen und Pflegen von stehenden Gewässern.;;;
A25.3;Es gibt bereits einige stehende Gewässer. Sehr gut! Denn zahlreiche Lebewesen wie bestimmte Insekten und Amphibien sind auf stehende Gewässer angewiesen. <br><strong>Pflege-Tipp:</strong><br>  Bestehende Tümpel müssen gepflegt werden: Laub, Algen und Schlamm sollten zwischen Ende September und Anfang November entfernt werden. Am besten jedes Jahr nur einen Teil säubern. So können Tiere während der Säuberung in die anderen Bereiche flüchten. Auf der<br>BioDiv-Praxisseite<br>findest du Hinweise zum Erstellen und Pflegen von stehenden Gewässern.;;;
A26.0;Du hast keine Angaben zu fliessenden Gewässer gemacht. Unter anderem verbringen zahlreiche Insekten einen Teil ihrer Entwicklung in fliessenden Gewässern.;;;
A26.1;Es gibt keine fliessenden Gewässer im Untersuchungsgebiet. Unter anderem verbringen zahlreiche Insekten einen Teil ihrer Entwicklung in fliessenden Gewässern. <br><strong>Verbesserungs-Tipp:</strong><br> Ein Fliessgewässer lässt sich nicht so einfach schaffen. Am einfachsten ist es, wenn es einen bestehenden Tümpel gibt. Dann kann man einen Zufluss schaffen. Mit einer Pumpe wird das Wasser des Tümpels hochgepumpt und fliesst wieder in den Tümpel.;;;
A26.2;Es gibt bereits Fliessgewässer. Gut! Denn unter anderem verbringen zahlreiche Insekten einen Teil ihrer Entwicklung in fliessenden Gewässern. <br><strong>Pflege-Tipp:</strong><br>  Achte darauf, dass das Fliessgewässer nicht zuwächst.;;;
A27.0;Du hast keine Angaben zur Umgebung gemacht. Die Umgebung kannst du zwar kaum beeinflussen. Umgekehrt beeinflusst die Umgebung jedoch dein Gebiet:<br>Chemische Schädlingsbekämpfungsmittel<br>und<br>Düngemittel<br>von benachbarter Intensivlandwirtschaft gelangen auch auf dein Gebiet. Und benachbarte überbaute Gebiete behindern den Austausch von Lebewesen mit natürlichen Lebensräumen in der Umgebung.;;;
A27.1;Dein Gebiet ist weitgehend umgeben von intensiver Landwirtschaft oder überbautem Gebiet. Die Umgebung kannst du zwar kaum beeinflussen. Umgekehrt beeinflusst die Umgebung jedoch dein Gebiet:<br>Chemische Schädlingsbekämpfungsmittel<br>und<br>Düngemittel<br>von benachbarter Intensivlandwirtschaft gelangen auch auf dein Gebiet. Und benachbarte überbaute Gebiete behindern den Austausch von Lebewesen mit natürlichen Lebensräumen in der Umgebung. <br><strong>Verbesserungs-Tipp:</strong><br> Informiere die Bevölkerung der Umgebung darüber, wie wichtig Biodiversität ist. Plane dazu eine Informationskampagne. Auf der<br>BioDiv-Praxisseite<br>findest du Hinweise wie man so etwas anpacken kann. 
A27.2;Dein Gebiet ist teilweise umgeben von intensiver Landwirtschaft oder überbautem Gebiet. Die Umgebung kannst du zwar kaum beeinflussen. Umgekehrt beeinflusst die Umgebung jedoch dein Gebiet:<br>Chemische Schädlingsbekämpfungsmittel<br>und<br>Düngemittel<br>von benachbarter Intensivlandwirtschaft gelangen auch auf dein Gebiet. Und benachbarte überbaute Gebiete behindern den Austausch von Lebewesen mit natürlichen Lebensräumen in der Umgebung. <br><strong>Verbesserungs-Tipp:</strong><br> Informiere die Bevölkerung der Umgebung darüber, wie wichtig Biodiversität ist. Plane dazu eine Informationskampagne. Auf der<br>BioDiv-Praxisseite<br>findest du Hinweise wie man so etwas anpacken kann.;;;
A27.3;Dein Gebiet ist kaum umgeben von intensiver Landwirtschaft oder überbautem Gebiet. Glück gehabt! Denn die Umgebung kannst du kaum beeinflussen. Umgekehrt beeinflusst die Umgebung jedoch dein Gebiet:<br>Chemische Schädlingsbekämpfungsmittel<br>und<br>Düngemittelvon benachbarter Intensivlandwirtschaft gelangen auch auf dein Gebiet. Und benachbarte überbaute Gebiete behindern den Austausch von Lebewesen mit natürlichen Lebensräumen in der Umgebung.;;;
A28.0;Es gibt keine Angaben dazu, mit welchen<br>Geräten<br>die Grasfläche geschnitten wird. Die Art und Weise, wie Gras geschnitten wird, beeinflusst sowohl Pflanzen und Tiere sehr stark.<br>;;;
A28.1;Der grössere Teil der Grasfläche wird mit<br>Ride-on Mäher, Rasenmäher, Fadenmäher oder Motorsense<br>geschnitten. Das ist tödlich. Denn diese Geräte schneiden das Gras sehr kurz. Nur sehr wenige Pflanzenarten kommen damit zu recht. Alle anderen Pflanzen verschwinden. Diese Geräte töten oder vertreiben beim Mähen auch sehr viele Tiere. <br><strong>Verbesserungs-Tipp:</strong><br> Informiere dich, wie Grasflächen gepflegt werden können, damit darauf möglichst viele Pflanzen und Tiere leben können. Auf derBioDiv-Praxisseite<br>findest du dazu weiterführende Informationen. Triff dich dann mit den Personen, die das Gras schneiden. Überlegt zusammen Möglichkeiten, wie das Vorgehen verbessert werden kann.;;;
A28.2;Ein beträchtlicher Teil der Grasfläche wird mit<br>Sense oder Balkenmäher<br>geschnitten. Das ist gut. Denn diese Geräte schneiden das Gras nicht zu kurz. Dadurch kommen mehr Pflanzenarten damit zu recht. Auch überleben mehr Tiere, wenn das Gras mit diesen Geräten geschnitten wird. <br><strong>Pflege-Tipp:</strong><br>  Diese Art der Pflege ist sehr aufwendig. Erkundige dich, ob du dabei mithelfen kannst. Und vielleicht lässt sich noch mehr Grasfläche mit Sense oder Balkenmäher mähen anstatt mit Rasenmähern oder Fadenmäher?;;;
A28.3;Der grössere Teil der Grasfläche wird mit<br>Sense oder Balkenmähergeschnitten. Das ist sehr gut. Denn diese Geräte schneiden das Gras nicht zu kurz. Dadurch kommen mehr Pflanzenarten damit zu recht. Auch überleben mehr Tiere, wenn das Gras mit diesen Geräten geschnitten wird. <br><strong>Pflege-Tipp:</strong><br>  Diese Art der Pflege ist sehr aufwendig. Erkundige dich, ob du dabei mithelfen kannst.;;;
A29a.1;Es wird nicht die ganze Grasfläche zum gleichen Zeitpunkt geschnitten. So können sich Tiere in die ungeschnittenen Flächen zurückziehen.;;;
A29b.1;Das Gras wird nicht zu oft geschnitten. Gut! Denn je häufiger das Gras geschnitten wird, desto weniger verschiedene Pflanzen und Tiere können darin überleben.;;;
A29c.1;Ein Teil der Grasfläche wird gar nicht geschnitten. So können sich die nicht geschnittenen Pflanzen besser versamen. Auch können viele Tiere in den ungeschnittenen Grasflächen<br><br>überwintern.;;;
A29e.1;Es gibt Grasflächen, die erst nach einem bestimmten Zeitpunkt im Juni oder Juli geschnitten werden. Sehr gut! Denn so können bei viele Pflanzen die Samen reifen. Diese Pflanzen könne sich dadurch auf natürliche Weise fortpflanzen.;;;
A29.P;Das Gras wird zu oft oder zu früh geschnitten. Oder es wird die ganze Grasfläche miteinander geschnitten. Oder kein Teil der Grasfläche wird stehen gelassen. Das ist schlecht. Denn so können weniger Samen reifen. Dadurch können sich Pflanzen auch nicht auf natürliche Weise fortpflanzen. Je häufiger das Gras geschnitten wird, desto weniger verschiedene Tiere können darin überleben. Und ungeschnittene Grasflächen bieten einen Rückzugsort für zahlreiche Tiere. <br><strong>Pflege-Tipp:</strong><br>  Informiere dich, wie Grasflächen gepflegt werden können, damit darauf möglichst viele Pflanzen und Tiere leben können. Auf derBioDiv-Praxisseite<br>findest du dazu weiterführende Informationen. Triff dich dann mit den Personen, die das Gras schneiden. Überlegt zusammen welche Flächen zum Spielen gebraucht werden. Auf diesen Flächen wird das Gras oft geschnitten. Die übrigen Flächen könne weniger oft geschnitten werden. Teile der Grasfläche können in einem Jahr auch gar nicht geschnitten werden.;;;
A30.0;Es ist nicht angegeben, ob chemische Pestizide zur Schädlingsbekämpfung eingesetzt werden. Chemische Pestizide töten nicht nur so genannte Schädlinge, sondern oft auch zahlreiche harmlose oder sogar nützliche Lebewesen. Chemische Pestizide bleiben zudem lange im Boden und gelangen mit Regenwasser in Gewässer.;;;
A30.1;Es werden kaum chemische Pestizide zur Schädlingsbekämpfung eingesetzt. Sehr gut! Denn chemische Pestizide töten nicht nur so genannte Schädlinge, sondern oft auch zahlreiche harmlose oder sogar nützliche Lebewesen. Chemische Pestizide bleiben zudem lange im Boden und gelangen mit Regenwasser in Gewässer.;;;
A30.2;Auf einem Teil der Fläche werden chemische Pestizide zur Schädlingsbekämpfung eingesetzt. Chemische Pestizide töten nicht nur so genannte Schädlinge, sondern oft auch zahlreiche harmlose oder sogar nützliche Lebewesen. Chemische Pestizide bleiben zudem lange im Boden und gelangen mit Regenwasser in Gewässer. <br><strong>Verbesserungs-Tipp:</strong><br> Informiere dich über andere Möglichkeiten zur Bekämpfung von Schädlingen. Auf der<br>BioDiv-Praxisseite<br>findest du dazu weiterführende Informationen. Triff dich dann mit den Personen, die Schädlinge bekämpfen. Überlegt zusammen wie weniger chemische Pestizide eingesetzt werden können.;;;
A30.3;Auf dem grössten Teil der Fläche werden chemische Pestizide zur Schädlingsbekämpfung eingesetzt. Dies ist schlecht! Denn chemische Pestizide töten nicht nur so genannte Schädlinge, sondern oft auch zahlreiche harmlose oder sogar nützliche Lebewesen. Chemische Pestizide bleiben zudem lange im Boden und gelangen mit Regenwasser in Gewässer. <br><strong>Verbesserungs-Tipp:</strong><br> Informiere dich über andere Möglichkeiten zur Bekämpfung von Schädlingen. Auf der<br>BioDiv-Praxisseite<br>findest du dazu weiterführende Informationen. Triff dich dann mit den Personen, die Schädlinge bekämpfen. Überlegt zusammen wie weniger chemische Pestizide eingesetzt werden können.;;;
A31.0;Es ist nicht angegeben, ob ökologischen Mittel zur Schädlingsbekämpfung eingesetzt werden. Ökologische Mittel bestehen aus Stoffen, die ähnlich so auch in der Natur vorkommen. Aber auch ökologische Mittel töten manchmal nicht nur so genannte Schädlinge, sondern auch harmlose oder sogar nützliche Lebewesen. Am besten ist es deshalb, Schädlinge so wenig wie möglich zu bekämpfen.;;;
A31.1;Es werden kaum ökologischen Mittel zur Schädlingsbekämpfung eingesetzt. Sehr gut! Denn auch ökologische Mittel töten manchmal nicht nur so genannte Schädlinge, sondern auch harmlose oder sogar nützliche Lebewesen. Am besten ist es deshalb, Schädlinge so wenig wie möglich zu bekämpfen.;;;
A31.2;Auf bis zur Hälfte der Fläche werden ökologische Mittel zur Schädlingsbekämpfung eingesetzt. Gut ist es nicht mehr! Denn auch ökologische Mittel töten manchmal nicht nur so genannte Schädlinge, sondern auch harmlose oder sogar nützliche Lebewesen. Am besten ist es deshalb, Schädlinge so wenig wie möglich zu bekämpfen. <br><strong>Verbesserungs-Tipp:</strong><br> Was passiert, wenn Schädlingen gar nicht bekämpft werden? Informiere dich darüber. Auf der<br>BioDiv-Praxisseite<br>findest du dazu weiterführende Informationen. Triff dich dann mit den Personen, die Schädlinge bekämpfen. Überlegt zusammen wie weniger Mittel zur Schädlingsbekämpfung eingesetzt werden können.;;;
A31.3;Auf mehr als der Hälfte der Fläche werden ökologische Mittel zur Schädlingsbekämpfung eingesetzt. Das ist eher viel! Denn auch ökologische Mittel töten manchmal nicht nur so genannte Schädlinge, sondern auch harmlose oder sogar nützliche Lebewesen. Am besten ist es deshalb, Schädlinge so wenig wie möglich zu bekämpfen. <br><strong>Verbesserungs-Tipp:</strong><br> Was passiert, wenn Schädlingen gar nicht bekämpft werden? Informiere dich darüber. Auf der<br>BioDiv-Praxisseite<br>findest du dazu weiterführende Informationen. Triff dich dann mit den Personen, die Schädlinge bekämpfen. Überlegt zusammen wie weniger Mittel zur Schädlingsbekämpfung eingesetzt werden können.;;;
A32.0;Es ist nicht angegeben, wie Unkraut bekämpft wird. Oft ist es gar nicht nötig, alles «sauber» zu halten. Denn so genannte Unkräuter tragen eigentlich auch zur Artenvielfalt bei.;;;
A32.1;Unkräuter werden zur Hauptsache mit chemischen Mitteln bekämpft. Das ist oft unnötig. Denn chemische Mittel schaden oft auch erwünschten Pflanzen. Chemische Mittel bleiben manchmal auch lange im Boden und gelangen mit dem Regenwasser in Gewässer. <br><strong>Verbesserungs-Tipp:</strong><br> Informiere dich über andere Möglichkeiten zur Bekämpfung von Unkräutern. Auf der<br>BioDiv-Praxisseite<br>findest du dazu weiterführende Informationen. Triff dich dann mit den Personen, die Unkräuter bekämpfen. Überlegt zusammen, wie weniger chemische Mittel eingesetzt werden können. <br><strong>Pflege-Tipp:</strong><br>  Unkraut durch Handarbeit zu bekämpfen ist sehr aufwendig. Erkundige dich, ob es möglich ist, dabei mitzuhelfen. Denn wenn du beim Jäten mithilfst, kann vielleicht auf schädliche Mittel verzichtet werden.;;;
A32.2;Unkräuter werden zu einem grossen Teil mit chemischen Mitteln oder durch Abflammen und mit Hitze erzeugenden Geräten bekämpft. Chemische Mittel schaden oft auch erwünschten Pflanzen und bleiben oft lange im Boden Aber Abflammen und Hitze erzeugende Geräte schaden manchmal auch Lebewesen in den oberen Bodenschichten. <br><strong>Verbesserungs-Tipp:</strong><br> Informiere dich über andere Möglichkeiten zur Bekämpfung von Unkräutern. Auf der<br>BioDiv-Praxisseite<br>findest du dazu weiterführende Informationen. Triff dich dann mit den Personen, die Unkräuter bekämpfen. Überlegt zusammen, wie Unkräuter schonender bekämpft werden können. <br><strong>Pflege-Tipp:</strong><br>  Unkraut durch Handarbeit zu bekämpfen ist sehr aufwendig. Erkundige dich, ob es möglich ist, dabei mitzuhelfen. Denn wenn du beim Jäten mithilfst, kann vielleicht auf schädliche Mittel verzichtet werden.;;;
A32.3;Unkräuter werden mit recht wenig chemischen Mitteln bekämpft. Das ist recht gut. Doch oft ist es gar nicht nötig, alles «sauber» zu halten. Denn so genannte Unkräuter tragen eigentlich auch zur Artenvielfalt bei. <br><strong>Verbesserungs-Tipp:</strong><br> Informiere dich über andere Möglichkeiten zur Bekämpfung von Unkräutern. Auf der<br>BioDiv-Praxisseite<br>findest du dazu weiterführende Informationen. Triff dich dann mit den Personen, die Unkräuter bekämpfen. Überlegt zusammen, wie Unkräuter noch schonender bekämpft werden können. <br><strong>Pflege-Tipp:</strong><br>  Unkraut durch Handarbeit zu bekämpfen ist sehr aufwendig. Erkundige dich, ob es möglich ist, dabei mitzuhelfen. Denn wenn du beim Jäten mithilfst, kann vielleicht auf schädliche Mittel verzichtet werden.;;;
A32.4;Unkräuter werden zur Hauptsache durch Handarbeit bekämpft. Das ist sehr gut! Doch oft ist es gar nicht nötig, alles «sauber» zu halten. Denn so genannte Unkräuter tragen eigentlich auch zur Artenvielfalt bei. <br><strong>Pflege-Tipp:</strong><br>  Unkraut durch Handarbeit zu bekämpfen ist sehr aufwendig. Erkundige dich, ob es möglich ist, dabei mitzuhelfen. Denn wenn du beim Jäten mithilfst, kann vielleicht auf schädliche Mittel verzichtet werden.;;;
A33.0;Es gibt keine Angaben, wie Grasflächen gedüngt werden. Düngemittel sind nichts Anderes als Nährstoffe für Pflanzen. Deshalb fördern Düngemittel oft das Wachstum von nur einigen wenigen Pflanzenarten. In ungedüngten Böden ist die Artenvielfalt deshalb oft höher als in gedüngten Böden.;;;
A33.1;Die Grasflächen werden nicht gedüngt. Das ist sehr gut! Denn überschüssige Düngemittel gelangen oft mit dem Regen in Gewässer. In Gewässer kann Dünger zu übermässigem Algenwachstum führen. Zudem ist in ungedüngten Böden die Artenvielfalt oft höher als in gedüngten Böden.;;;
A33.2;Die Grasflächen werden gedüngt ohne zu analysieren, welche Nährstoffe der Boden braucht. Das ist nicht gut! Denn überschüssige Düngemittel gelangen oft mit dem Regen in Gewässer. In Gewässer kann Dünger zu übermässigem Algenwachstum führen. Zudem ist in ungedüngten Böden die Artenvielfalt oft höher als in gedüngten Böden. <br><strong>Verbesserungs-Tipp:</strong><br> Informiere dich über verschiedene Möglichkeiten des Düngens. Auf der<br>BioDiv-Praxisseite<br>findest du dazu weiterführende Informationen. Triff dich dann mit den Personen, die düngen. Überlegt zusammen, wo und wie gedüngt werden soll.;;;
A33.3;Die Grasflächen werden erst gedüngt, wenn eine Analyse des Bodens zeigt, welche Nährstoffe der Boden braucht. Das ist recht gut! Denn überschüssige Düngemittel gelangen oft mit dem Regen in Gewässer. In Gewässer kann Dünger zu übermässigem Algenwachstum führen. Zudem ist in ungedüngten Böden die Artenvielfalt oft höher als in gedüngten Böden. <br><strong>Verbesserungs-Tipp:</strong><br> Informiere dich über verschiedene Möglichkeiten des Düngens. Auf der<br>BioDiv-Praxisseite<br>findest du dazu weiterführende Informationen. Triff dich dann mit den Personen, die düngen. Überlegt zusammen, welche Flächen überhaupt gedüngt werden sollen.;;;
A33.4;Die Grasflächen werden erst gedüngt, wenn eine Analyse des Bodens zeigt, welche Nährstoffe der Boden braucht. Auch werden Wiesen mit hohem Gras gar nicht gedüngt. Das ist gut! Denn überschüssige Düngemittel gelangen oft mit dem Regen in Gewässer. In Gewässer kann Dünger zu übermässigem Algenwachstum führen. Zudem ist in ungedüngten Böden die Artenvielfalt oft höher als in gedüngten Böden. <br><strong>Verbesserungs-Tipp:</strong><br> Informiere dich über verschiedene Möglichkeiten des Düngens. Auf der<br>BioDiv-Praxisseite<br>findest du dazu weiterführende Informationen. Triff dich dann mit den Personen, die düngen. Überlegt zusammen, ob es weitere Flächen gibt, die überhaupt nicht gedüngt werden sollen.;;;
A33.5;Die Grasflächen werden nicht gedüngt. Das ist sehr gut! Denn überschüssige Düngemittel gelangen oft mit dem Regen in Gewässer. In Gewässer kann Dünger zu übermässigem Algenwachstum führen. Zudem ist in ungedüngten Böden die Artenvielfalt oft höher als in gedüngten Böden.;;;
A34.0;Es gibt keine Angaben, mit welchen Mitteln Grasflächen gedüngt werden. Düngemittel sind nichts Anderes als Nährstoffe für Pflanzen. Leider fördern Düngemittel oft das Wachstum von nur einigen wenigen Pflanzenarten. In ungedüngten Böden ist die Artenvielfalt deshalb oft höher als in gedüngten Böden.;;;
A34.1;Die Grasflächen werden vor allem mit mineralischem Dünger oder Torf gedüngt. Das ist schlecht! Denn mineralische Düngemittel helfen zwar den Pflanzen, vernachlässigen aber Bodenlebewesen. Auch kann Mineraldünger zu einem chemischen Ungleichgewicht von Nährstoffen im Boden führen. Torf wird durch die Zerstörung von seltenen Sumpfgebieten gewonnen.<br> <br><strong>Verbesserungs-Tipp:</strong><br> Informiere dich über andere Möglichkeiten des Düngens. Auf der<br>BioDiv-Praxisseite<br>findest du dazu weiterführende Informationen. Triff dich dann mit den Personen, die düngen. Überlegt zusammen, wo und wie gedüngt werden soll.;;;
A34.2;Bei der Düngung der Grasflächen werden Düngemittel wie Mist, Mulch, Bio-Knospenprodukte eingesetzt. Solche Düngemittel helfen nicht nur den Pflanzen, sondern auch den Bodenlebewesen.<br>Beachte aber: Zu viel Düngemittel fördern oft das Wachstum von nur einigen wenigen Pflanzenarten. <br><strong>Verbesserungs-Tipp:</strong><br> Informiere dich über andere Möglichkeiten des Düngens. Auf der<br>BioDiv-Praxisseite<br>findest du dazu weiterführende Informationen. Triff dich dann mit den Personen, die düngen. Überlegt zusammen, welche Flächen überhaupt gedüngt werden sollen.;;;
A34.3;Die Grasflächen werden mit vor allem eigenem Kompost gedüngt. Das ist gut! Denn Kompost hilft nicht nur den Pflanzen, sondern auch den Bodenlebewesen. Beachte aber: Zu viel Düngemittel fördern oft das Wachstum von nur einigen wenigen Pflanzenarten. <br><strong>Verbesserungs-Tipp:</strong><br> Informiere dich über andere Möglichkeiten des Düngens. Auf der<br>BioDiv-Praxisseite<br>findest du dazu weiterführende Informationen. Triff dich dann mit den Personen, die düngen. Überlegt zusammen, ob es weitere Flächen gibt, die überhaupt nicht gedüngt werden sollen. A34.5;Die Grasflächen werden nicht gedüngt. Das ist sehr gut! Denn zu viel Düngemittel fördern oft das Wachstum von nur einigen wenigen Pflanzenarten.;;;
A35.0;Du hast nicht angegeben, was mit dem Laub passiert. Laub spielt eine wichtige Rolle im Kreislauf der Natur. Laubhaufen bieten zudem vielen Tieren Lebensraum, Versteck und Schutz vor Kälte.;;;
A35.1;Sämtliches Laub wird eingesammelt und entsorgt. Das ist schade. Denn Laub spielt eine wichtige Rolle im Kreislauf der Natur. Laubhaufen bieten zudem vielen Tieren Lebensraum, Versteck und Schutz vor Kälte. <br><strong>Verbesserungs-Tipp:</strong><br> Triff dich mit den Personen, die das Laub einsammeln. Überlegt zusammen, wo und wie viele Laubhaufen belassen werden können.;;;
A35.2;Vereinzelt wird Laub bewusst belassen. Das ist gut! Denn Laub spielt eine wichtige Rolle im Kreislauf der Natur. Laubhaufen bieten zudem vielen Tieren Lebensraum, Versteck und Schutz vor Kälte. <br><strong>Verbesserungs-Tipp:</strong><br> Triff dich mit den Personen, die das Laub einsammeln. Überlegt zusammen, ob es noch mehr Möglichkeiten gibt, Laubhaufen zu belassen.;;;
A35.3;Es werden bewusst zahlreiche Laubhaufen erstellt. Das ist sehr gut! Denn Laub spielt eine wichtige Rolle im Kreislauf der Natur. Laubhaufen bieten zudem vielen Tieren Lebensraum, Versteck und Schutz vor Kälte. <br><strong>Pflege-Tipp:</strong><br>  Achte darauf, dass auch in Zukunft möglichst viele Laubhaufen erstellt werden.;;;
A36.0;Du hast nicht angegeben, was mit alten Samenständen passiert. Denn alte Samenstände können Vögel als Nahrung dienen. Auch nutzen viele nützlichen Insekten alte Pflanzenstengel zum Überwintern.;;;
A36.1;Alle alten Samenstände werden abgeschnitten und entsorgt. Das ist schade. Denn alte Samenstände können Vögel als Nahrung dienen. Auch nutzen viele nützlichen Insekten alte Pflanzenstengel zum Überwintern. <br><strong>Verbesserungs-Tipp:</strong><br> Triff dich mit den Personen, die alte Samenstände abschneiden. Überlegt zusammen, wo alte Samenstände belassen werden können.;;;
A36.2;Vereinzelt werden alte Samenstände bewusst belassen. Das ist gut! Denn alte Samenstände können Vögel als Nahrung dienen. Auch nutzen viele nützlichen Insekten alte Pflanzenstengel zum Überwintern. <br><strong>Verbesserungs-Tipp:</strong><br> Triff dich mit den Personen, die alte Samenstände abschneiden. Überlegt zusammen, ob noch mehr alte Samenstände belassen werden können.;;;
A36.3;Die meisten Samenstände werden bewusst belassen. Das ist sehr gut! Denn alte Samenstände können Vögel als Nahrung dienen. Auch nutzen viele nützlichen Insekten alte Pflanzenstengel zum Überwintern. <br><strong>Pflege-Tipp:</strong><br>  Achte darauf, dass auch in Zukunft möglichst viele alten Samenstände belassen werden.;;;
A37.0;Es gibt keine Angaben zur Begrünung von Flachdächern. Flachdächer können Lebensräume für Kräuter und Blumen bieten. Zudem können auf Flachdächern auch Sandflächen oder kleinen Haufen von Totholz eingerichtet werden. Sandflächen und Totholz bietet zahlreichen Insekten ein Zuhause.;;;
A37.1;Es gibt keine oder kaum Dachbegrünung. Oder die Dachbegrünung enthält keine Sandflächen oder Totholz. Flachdächer können Lebensräume für Kräuter und Blumen bieten. Zudem können auf Flachdächern auch Sandflächen oder kleinen Haufen von Totholz eingerichtet werden. Sandflächen und Totholz bietet zahlreichen Insekten ein Zuhause. <br><strong>Verbesserungs-Tipp:</strong><br> Informiere dich darüber, wie auf Flachdächer die Artenvielfalt gefördert werden kann. Auf der<br>BioDiv-Praxisseite<br>findest du dazu weiterführende Informationen. Triff dich dann mit den Personen, die für Flachdächer deiner Gebäude zuständig sind. Überlegt zusammen Möglichkeiten, die Artenvielfalt auf den Flachdächern zu fördern.;;;
A37.2;Ungefähr die Hälfte der Flachdächer ist begrünt und enthält auch Sandflächen und Totholz. Das ist gut. Denn Flachdächer können Lebensräume für Kräuter und Blumen bieten. <br><strong>Verbesserungs-Tipp:</strong><br> Informiere dich darüber, wie auf Flachdächer die Artenvielfalt noch besser gefördert werden kann. Auf der<br>BioDiv-Praxisseite<br>findest du dazu weiterführende Informationen. Triff dich dann mit den Personen, die für Flachdächer deiner Gebäude zuständig sind. Überlegt zusammen, ob die Artenvielfalt auf weiteren Flachdächern gefördert werden kann. Oder ob es weitere Möglichkeiten gibt, die Artenvielfalt auf den Flachdächern noch besser zu fördern.;;;
A37.3;Mehr als die Hälfte der Flachdächer ist begrünt. Das ist gut. Leider aber enthalten die Flachdächer keine Sandflächen oder Totholz. Das ist schade. Denn auf Flachdächern können auch Sandflächen oder kleinen Haufen von Totholz eingerichtet werden. Sandflächen und Totholz bietet zahlreichen Insekten ein Zuhause. <br><strong>Verbesserungs-Tipp:</strong><br> Informiere dich darüber, wie auf Flachdächer die Artenvielfalt noch besser gefördert werden kann. Auf der<br>BioDiv-Praxisseite<br>findest du dazu weiterführende Informationen. Triff dich dann mit den Personen, die für Flachdächer deiner Gebäude zuständig sind. Überlegt zusammen, ob die Artenvielfalt auf weiteren Flachdächern gefördert werden kann. Oder ob es weitere Möglichkeiten gibt, die Artenvielfalt auf den Flachdächern noch besser zu fördern.;;;
A37.4;Mehr als die Hälfte der Flachdächer ist begrün und enthält auch Sandflächen oder Totholzt. Das ist sehr gut. Denn Flachdächer können Lebensräume für Kräuter und Blumen aber auch für zahlreiche Insekten bieten.;;;
A38.0;Es gibt keine Angaben zur Begrünung von Fassaden. Begrünte Fassaden bieten Lebensraum für Krabbeltiere und Vögel. Begrünte Fassaden schützen auch vor Kälte und Hitze.;;;
A38.1;Es gibt keine oder nur vereinzelt Fassadenbegrünung. Begrünte Fassaden bieten Lebensraum für Krabbeltiere und Vögel. Begrünte Fassaden schützen auch vor Kälte und Hitze. <br><strong>Verbesserungs-Tipp:</strong><br> Informiere dich darüber, wie durch Begrünung von Fassaden die Artenvielfalt gefördert werden kann. Auf der<br>BioDiv-Praxisseite<br>findest du dazu weiterführende Informationen. Triff dich dann mit den Personen, die für Fassaden deiner Gebäude zuständig sind. Überlegt zusammen Möglichkeiten, die Artenvielfalt durch Fassadenbegrünung zu fördern.;;;
A38.2;Einige Fassade ist begrünt. Das ist gut. Denn begrünte Fassaden bieten Lebensraum für Krabbeltiere und Vögel. Begrünte Fassaden schützen auch vor Kälte und Hitze.;;;
A39.0;Du hast keine Angaben zu Kräuter- oder Gemüsegarten auf dem Untersuchungsgebiet gemacht. Ein biologisch bearbeiteter Kräuter- oder Gemüsegarten kann einen Beitrag für mehr Artenvielfalt leisten.;;;
A39.1;Es gibt keinen Kräuter- oder Gemüsegarten auf dem Untersuchungsgebiet.<br> <br><strong>Verbesserungs-Tipp:</strong><br> Lege einen Garten mit Kräutern und allenfalls auch Gemüse an. Beachte dabei: Ein Kräuter- oder Gemüsegarten sorgt nur dann für mehr Artenvielfalt, wenn er biologisch bearbeitet wird. Bei Einsatz von chemischen Pestiziden, Herbiziden und Mineraldünger schadet dies der Artenvielfalt hingegen.;;;
A39.2;Es gibt einen Kräuter- oder Gemüsegarten auf dem Untersuchungsgebiet. Das ist gut. <br><strong>Pflege-Tipp:</strong><br>  Beachte: Ein Kräuter- oder Gemüsegarten sorgt nur dann für mehr Artenvielfalt, wenn er biologisch bearbeitet wird. Bei Einsatz von chemischen Pestiziden, Herbiziden und Mineraldünger schadet dies der Artenvielfalt hingegen.;;;
A40.0;Es gibt keine Angaben zu Glasflächen. Grosse Glasflächen können tödlich für Vögel sein. Auch aufgeklebte Umrisse von Vögeln schützen leider nur wenig. Wirksamer hingegen sind<br>Streifenmuster.;;;
A40.1;Es gibt keine Glasflächen. Gut so! Denn grosse Glasflächen können tödlich für Vögel sein.;;;
A40.2;Es gibt an den untersuchten Gebäuden grosse Glasflächen. Grosse Glasflächen können tödlich für Vögel sein. <br><strong>Verbesserungs-Tipp:</strong><br> Triff dich mit den Personen, die für die Glasflächen deiner Gebäude zuständig sind. Überlegt zusammen, ob auf die Glasflächen<br>Streifenmuster<br>aufgeklebt werden können. Beachte: aufgeklebte Umrisse von Vögeln schützen leider kaum. Deshalb keine solche Umrisse von Vögeln aufkleben.;;;
A40.3;Es gibt an den untersuchten Gebäuden grosse Glasflächen. Diese grossen Glasflächen sind Streifenmuster aufgeklebt. Solche<br>Streifenmuster<br>wirken viel besser als aufgeklebte Umrisse von Vögeln.;;;
A41.0;Du hast keine Angaben zu künstlichen Lichtquellen gemacht, die in der Nacht leuchten. Zahlreiche Lebewesen sind aktiv in der Nacht. Viele von diesen Lebewesen kreisen um künstliche Lichtquellen und sterben schliesslich.;;;
A41.1;Es gibt keine künstlichen Lichtquellen, die in der Nacht leuchten. Das ist gut so! Denn zahlreiche Lebewesen sind aktiv in der Nacht. Viele von diesen Lebewesen kreisen um künstliche Lichtquellen und sterben schliesslich.;;;
A41.2;Es gibt im untersuchten Gebiet künstliche Lichtquellen, die in der Nacht leuchten. Einige Lichtquellen strahlen auch nach oben ab. Das ist schlecht. Denn zahlreiche Lebewesen sind aktiv in der Nacht. Viele von diesen Lebewesen kreisen um künstliche Lichtquellen und sterben schliesslich. <br><strong>Verbesserungs-Tipp:</strong><br> Triff dich mit den Personen, die für die Beleuchtung deiner Gebäude zuständig sind. Überlegt zusammen, ob diese Lichtquellen so verändert werden können, dass sie weniger schaden. Du findest auf der<br>BioDiv-Praxisseite<br>weiterführende Informationen dazu.;;;
A41.3;Es gibt im untersuchten Gebiet künstliche Lichtquellen, die in der Nacht leuchten. Die meisten dieser Lichtquellen leuchten gelblich. Auch strahlen die Lichtquellen fast nur nach unten. Das ist gut. Denn zahlreiche Lebewesen sind aktiv in der Nacht. Viele von diesen Lebewesen kreisen bis sie sterben um helle Lichtquellen, die nach oben abstrahlen. <br><strong>Verbesserungs-Tipp:</strong><br> Triff dich mit den Personen, die für die Beleuchtung deiner Gebäude zuständig sind. Überlegt zusammen, ob einige der Lichtquellen in der Nacht gar nicht leuchten müssen.;;;
A42.0;Du hast keine Angaben zu Wasserschächten und Lichtschächten gemacht. Wasserschächte und Lichtschächte können Fallen für Amphibien und andere Kleintiere sein. Denn diese Tiere kommen kaum selbständig wieder aus solchen Schächten heraus.;;;
A42.1;Es gibt kaum Wasserschächte und Lichtschächte in denen Tiere gefangen bleiben. Das ist gut! Denn Wasserschächte und Lichtschächte können Fallen für Amphibien und andere Kleintiere sein. Diese Tiere kommen oft kaum selbständig wieder aus solchen Schächten heraus.;;;
A42.2;Es gibt im Untersuchungsgebiet Wasserschächte und Lichtschächte in denen Tiere gefangen bleiben. Das ist ein Problem! Denn Wasserschächte und Lichtschächte können Fallen für Amphibien und andere Kleintiere sein. Diese Tiere kommen oft kaum selbständig wieder aus solchen Schächten heraus. <br><strong>Verbesserungs-Tipp:</strong><br> Informiere dich darüber, wie Wasserschächte und Lichtschächte sicherer gemacht werden können. Auf der<br>BioDiv-Praxisseite<br>findest du dazu weiterführende Informationen. Triff dich dann mit den Personen, die für Wasserschächte und Lichtschächte zuständig sind. Überlegt zusammen, wie möglichst viele dieser Schächte sicherer gemacht werden können.;;;